"Time (s)","Latitude (째)","Longitude (째)","Height (m)","Velocity (m/s)","Direction (째)","Horizontal Accuracy (m)","Vertical Accuracy (째)"
6.906663179E-1,4.736415200E1,8.511688593E0,4.349797751E2,7.391070098E-1,2.903085761E2,1.393278140E1,7.595926830E0
1.690641284E0,4.736415587E1,8.511670521E0,4.348634191E2,8.856127225E-1,2.956690468E2,1.358968480E1,7.388514467E0
2.690618992E0,4.736416086E1,8.511664931E0,4.350344060E2,1.003269874E0,2.929731339E2,1.319722189E1,7.449308603E0
3.690584421E0,4.736416300E1,8.511642463E0,4.356004815E2,1.408618815E0,2.869158477E2,1.292477508E1,7.325258944E0
4.690561533E0,4.736416693E1,8.511632350E0,4.361076264E2,1.288667111E0,2.803420218E2,1.261999028E1,7.283443566E0
5.690537572E0,4.736416624E1,8.511618426E0,4.361881823E2,1.250777594E0,2.710035829E2,1.218223872E1,7.339426555E0
6.690504909E0,4.736417155E1,8.511595446E0,4.347781825E2,1.516837169E0,2.732000644E2,1.187007782E1,7.161375163E0
7.690473676E0,4.736417161E1,8.511582792E0,4.356925513E2,8.994014410E-1,2.827225995E2,1.149593400E1,7.528885000E0
8.690450907E0,4.736417780E1,8.511573969E0,4.357998596E2,1.029771358E0,2.837614537E2,1.140803962E1,7.079978239E0
9.690428138E0,4.736418369E1,8.511570027E0,4.363804144E2,7.572765135E-1,2.857735507E2,1.120598265E1,6.753964583E0
1.069040751E1,4.736417927E1,8.511562620E0,4.364364968E2,6.047368603E-1,2.677031391E2,1.086885222E1,6.549223569E0
1.169038868E1,4.736418523E1,8.511538835E0,4.366528547E2,1.246822384E0,2.797851630E2,1.053071475E1,6.295653315E0
1.269037080E1,4.736419164E1,8.511517213E0,4.363613436E2,1.619399078E0,2.868635910E2,1.025700984E1,6.315947047E0
1.369035435E1,4.736419322E1,8.511505122E0,4.365388260E2,1.347113052E0,2.883966704E2,9.934118468E0,6.152079225E0
1.469033921E1,4.736419612E1,8.511487399E0,4.365083887E2,1.463562756E0,2.870825736E2,9.674738688E0,5.705754869E0
1.569032621E1,4.736420159E1,8.511470316E0,4.365752667E2,1.405901820E0,2.895274023E2,9.365813643E0,5.396417396E0
1.669031298E1,4.736419773E1,8.511452893E0,4.366886813E2,1.316377285E0,2.833979290E2,9.046414243E0,5.123579086E0
1.769030106E1,4.736420278E1,8.511434556E0,4.370506462E2,1.353115182E0,2.901962561E2,8.876691932E0,4.952124591E0
1.869029057E1,4.736421031E1,8.511410242E0,4.365492080E2,1.477800112E0,2.912543047E2,8.653003283E0,5.002569160E0
1.969028211E1,4.736420596E1,8.511389886E0,4.362760865E2,1.456622602E0,2.809315874E2,8.598290075E0,5.061738056E0
2.069027340E1,4.736420892E1,8.511369250E0,4.369398258E2,1.425463085E0,2.828271496E2,8.369305304E0,5.025638743E0
2.208559856E1,4.736423653E1,8.511211028E0,4.373924888E2,1.643955326E0,2.782285933E2,6.214228468E0,3.395009532E0
2.308560059E1,4.736423852E1,8.511205263E0,4.374767786E2,1.256715014E0,2.928378028E2,6.174905554E0,3.440938994E0
2.408560429E1,4.736425072E1,8.511227532E0,4.375287277E2,7.182146413E-1,3.475473109E2,6.146612148E0,3.496503186E0
2.508560739E1,4.736425627E1,8.511206483E0,4.377614289E2,1.087634099E0,3.199120448E2,6.152822922E0,3.319374660E0
2.608561048E1,4.736425590E1,8.511185668E0,4.378883972E2,1.191811966E0,3.079434437E2,6.143860494E0,3.406006718E0
2.708561335E1,4.736425862E1,8.511171140E0,4.374638806E2,1.141811631E0,3.047049612E2,6.174073790E0,3.242360421E0
2.808561716E1,4.736425018E1,8.511163893E0,4.377505947E2,6.002047277E-1,2.840733485E2,6.226568938E0,3.341742997E0
2.908562062E1,4.736425663E1,8.511137227E0,4.382126758E2,1.083115569E0,2.885680531E2,6.239411115E0,3.279157648E0
3.008562479E1,4.736426437E1,8.511110503E0,4.385482555E2,1.556511388E0,2.848578591E2,6.235642779E0,3.231423840E0
3.108562705E1,4.736426940E1,8.511111718E0,4.378569931E2,1.176750858E0,2.925274609E2,6.236321475E0,3.185595952E0
3.208563087E1,4.736427701E1,8.511106328E0,4.387373551E2,1.129111906E0,2.973267348E2,6.235269240E0,3.112978860E0
3.308563528E1,4.736427656E1,8.511085448E0,4.381147959E2,1.483012752E0,2.916592982E2,6.276856912E0,3.160119128E0
3.408563933E1,4.736427405E1,8.511060131E0,4.378813350E2,1.749494178E0,2.849781707E2,6.333467142E0,3.234046634E0
3.508564279E1,4.736428010E1,8.511063011E0,4.383311962E2,1.128643333E0,2.967782238E2,6.238465314E0,3.177630372E0
3.608564684E1,4.736428189E1,8.511039078E0,4.384312238E2,1.090859245E0,2.869836014E2,6.157270809E0,3.124175624E0
3.708565173E1,4.736428122E1,8.511037852E0,4.387544601E2,5.063171969E-1,2.894887526E2,6.032733112E0,3.055472579E0
3.808565543E1,4.736427985E1,8.511003838E0,4.389867717E2,1.118932983E0,2.791995541E2,6.036657315E0,3.006079183E0
3.908565948E1,4.736427888E1,8.511004086E0,4.395569175E2,8.243058756E-1,2.866065203E2,6.112051984E0,3.000000000E0
4.008566317E1,4.736427922E1,8.510988116E0,4.388918814E2,6.968742851E-1,2.877954740E2,6.002007866E0,3.000000000E0
4.108566770E1,4.736427388E1,8.510962517E0,4.385521185E2,7.943864809E-1,2.829747608E2,6.170743437E0,3.049915569E0
4.208567235E1,4.736427175E1,8.510939287E0,4.385535898E2,1.069174732E0,2.786210917E2,6.114621457E0,3.002112164E0
4.308567629E1,4.736426982E1,8.510910250E0,4.387673855E2,1.548309513E0,2.822895467E2,6.171076497E0,3.000000000E0
4.408568094E1,4.736425201E1,8.510871410E0,4.388196646E2,1.580416932E0,2.712606262E2,6.497109928E0,3.321072904E0
4.508568523E1,4.736425547E1,8.510848078E0,4.390677651E2,1.414651461E0,2.835463774E2,7.061503646E0,3.514407287E0
4.608569059E1,4.736424173E1,8.510823623E0,4.386208212E2,1.162372066E0,2.750419404E2,7.149258729E0,3.380901390E0
4.708569405E1,4.736423687E1,8.510772226E0,4.392129085E2,1.935254761E0,2.814597879E2,7.639257469E0,3.611537417E0
4.808569882E1,4.736423310E1,8.510751373E0,4.379818777E2,1.427428976E0,2.862054726E2,8.062561464E0,3.855017486E0
4.908570323E1,4.736422240E1,8.510727264E0,4.380107407E2,1.129530405E0,2.824647686E2,8.014974565E0,3.924721240E0
5.008570847E1,4.736422270E1,8.510699917E0,4.375823892E2,1.308791270E0,2.959830711E2,7.854449864E0,3.914329519E0
5.108571229E1,4.736421404E1,8.510677645E0,4.379717409E2,1.397975923E0,2.953057893E2,7.854449854E0,3.925459762E0
5.208571730E1,4.736420628E1,8.510657669E0,4.381700648E2,1.164796258E0,2.810005670E2,7.987869020E0,4.144723739E0
5.308572135E1,4.736420768E1,8.510650369E0,4.381015387E2,1.034968130E0,3.023489198E2,7.903633901E0,4.218407262E0
5.408572600E1,4.736419853E1,8.510645502E0,4.389349964E2,6.401337342E-1,3.045834246E2,7.870053972E0,4.135906668E0
5.508573089E1,4.736419537E1,8.510635092E0,4.394730902E2,7.466003401E-1,3.023662007E2,7.853941940E0,4.025210668E0
5.608573494E1,4.736419395E1,8.510613654E0,4.396090830E2,1.155017357E0,2.950031433E2,7.853941961E0,3.870349389E0
5.708573983E1,4.736418630E1,8.510581071E0,4.393456220E2,1.310751454E0,2.777161767E2,7.853941987E0,4.010563729E0
5.808574507E1,4.736419018E1,8.510567399E0,4.397464114E2,1.267215812E0,2.847001884E2,7.793985297E0,3.836389322E0
5.908575008E1,4.736419577E1,8.510524231E0,4.394062335E2,1.924652591E0,2.864498423E2,7.795323618E0,3.645488453E0
6.008575401E1,4.736419810E1,8.510511659E0,4.392319397E2,1.494659440E0,2.956403694E2,7.798468399E0,3.847599387E0
6.108575890E1,4.736420317E1,8.510503705E0,4.394871816E2,1.358652592E0,2.999363017E2,7.819964936E0,3.651549616E0
6.208576426E1,4.736421163E1,8.510494455E0,4.396362636E2,1.245813460E0,3.042108638E2,7.951502318E0,3.658834987E0
6.308577094E1,4.736421957E1,8.510475314E0,4.396378395E2,1.240712142E0,3.003493993E2,7.996948848E0,3.647061035E0
6.408577309E1,4.736423732E1,8.510474282E0,4.398610956E2,1.392986943E0,3.146056702E2,7.971943390E0,3.691809042E0
6.508577845E1,4.736423872E1,8.510458274E0,4.402460801E2,1.390626651E0,2.940251860E2,7.906169215E0,3.825020662E0
6.608578262E1,4.736424397E1,8.510451628E0,4.416043118E2,1.089901685E0,2.864046702E2,7.905627318E0,3.813338838E0
6.708578787E1,4.736424207E1,8.510433530E0,4.414315499E2,1.299050691E0,2.767924314E2,7.783106398E0,3.729410966E0
6.808579252E1,4.736424280E1,8.510423365E0,4.417334175E2,1.505759015E0,2.784027589E2,7.717219853E0,3.591942251E0
6.908579657E1,4.736424514E1,8.510434558E0,4.416360021E2,7.413412196E-1,2.820840235E2,7.678152930E0,3.486797056E0
7.008580253E1,4.736425013E1,8.510417695E0,4.411433660E2,1.084930042E0,2.839681417E2,7.701292326E0,3.424653521E0
7.108580646E1,4.736426274E1,8.510395837E0,4.411591183E2,1.572836562E0,2.896934762E2,7.766829524E0,3.333224087E0
7.208581159E1,4.736425104E1,8.510374332E0,4.417133003E2,1.471852742E0,2.707123268E2,7.766829530E0,3.554392994E0
7.308581588E1,4.736425712E1,8.510358821E0,4.417072141E2,1.352231515E0,2.804397236E2,7.854730665E0,3.517297006E0
7.408582148E1,4.736426800E1,8.510349260E0,4.410215237E2,1.230068202E0,2.888268148E2,7.848629811E0,3.415490725E0
7.508582625E1,4.736427733E1,8.510332265E0,4.404670318E2,1.250340834E0,2.915855042E2,7.914563847E0,3.482166562E0
7.608583138E1,4.736429319E1,8.510314725E0,4.399790153E2,1.595006470E0,2.923556812E2,7.898925794E0,3.627507100E0
7.708583507E1,4.736430030E1,8.510304022E0,4.411909574E2,1.492745783E0,2.909425230E2,7.759217135E0,3.633423047E0
7.808584115E1,4.736431123E1,8.510288091E0,4.404706715E2,1.520368600E0,2.901301264E2,7.590211595E0,3.555938194E0
7.908584592E1,4.736432401E1,8.510278335E0,4.405839212E2,1.492613741E0,2.906860832E2,7.845724721E0,3.692019881E0
8.008584974E1,4.736432911E1,8.510263096E0,4.408282412E2,1.433681142E0,2.851112387E2,7.737172942E0,3.763302195E0
8.108585510E1,4.736434038E1,8.510246002E0,4.407658976E2,1.431971973E0,2.864850653E2,7.615505312E0,3.737517644E0
8.208586059E1,4.736435259E1,8.510228550E0,4.404557805E2,1.470755357E0,2.976439486E2,7.539914198E0,3.785239531E0
8.308586571E1,4.736435153E1,8.510213884E0,4.409330205E2,1.079627826E0,2.904620813E2,7.347597542E0,3.638605910E0
8.408586953E1,4.736436920E1,8.510192747E0,4.405125177E2,1.501179981E0,3.003510913E2,7.470334971E0,3.672104160E0
8.508587418E1,4.736437375E1,8.510172888E0,4.403808365E2,1.435474063E0,2.999068763E2,7.378013811E0,3.678532032E0
8.608587990E1,4.736437392E1,8.510151890E0,4.396026664E2,1.435526313E0,2.994208524E2,7.344962330E0,3.759513695E0
8.708588479E1,4.736437165E1,8.510132106E0,4.398745711E2,1.385958680E0,2.922641068E2,7.237198950E0,3.699382954E0
8.808588979E1,4.736438387E1,8.510116433E0,4.401302334E2,1.568936108E0,3.030706773E2,7.209435187E0,3.613199912E0
8.908589492E1,4.736438049E1,8.510093958E0,4.400382883E2,1.486785748E0,2.926482707E2,7.270566268E0,3.636986434E0
9.008589957E1,4.736437196E1,8.510069727E0,4.397967021E2,1.344289154E0,2.795648351E2,7.279424930E0,3.581607521E0
9.108590386E1,4.736437269E1,8.510047562E0,4.395444443E2,1.328284683E0,2.852684107E2,7.287318901E0,3.728787879E0
9.208590863E1,4.736439327E1,8.509987656E0,4.403244363E2,2.922267979E0,2.901675638E2,7.294361453E0,3.886590390E0
9.308591399E1,4.736440135E1,8.510000626E0,4.404133131E2,1.427500485E0,3.004422199E2,7.341282243E0,4.041672739E0
9.408465395E1,4.736440159E1,8.509982719E0,4.398623228E2,1.103149345E0,2.903670880E2,7.213513186E0,4.235138743E0
9.508465562E1,4.736440463E1,8.509962600E0,4.396757535E2,1.347098185E0,2.873716268E2,7.096255623E0,4.327739332E0
9.608466647E1,4.736440821E1,8.509949463E0,4.400629335E2,1.437205786E0,2.876869767E2,6.929246403E0,4.807719468E0
9.708466289E1,4.736441269E1,8.509930752E0,4.404406406E2,1.611635188E0,2.852885132E2,7.295081841E0,5.133325499E0
9.808467529E1,4.736442236E1,8.509912892E0,4.400888648E2,1.670579160E0,2.852885132E2,7.642625462E0,4.870240236E0
9.908468864E1,4.736443420E1,8.509889926E0,4.404344874E2,2.046631637E0,2.852885132E2,7.972791951E0,5.198670299E0
1.000846795E2,4.736444025E1,8.509874807E0,4.404318803E2,1.845761517E0,2.852885132E2,8.286450092E0,5.562429007E0
1.010846830E2,4.736443963E1,8.509858913E0,4.402384836E2,1.538854620E0,2.852885132E2,8.584425349E0,5.796291788E0
1.020846961E2,4.736444362E1,8.509841316E0,4.403533926E2,1.509818382E0,2.852885132E2,8.867501805E0,6.085581388E0
1.030846966E2,4.736444587E1,8.509824222E0,4.398496060E2,1.631403896E0,2.852885132E2,9.136424457E0,6.592967341E0
1.040847004E2,4.736444829E1,8.509809856E0,4.400677059E2,1.521922083E0,2.852885132E2,9.391900949E0,7.252108674E0
1.050847143E2,4.736444916E1,8.509794544E0,4.399982650E2,1.282908914E0,2.852885132E2,9.634603602E0,7.966027554E0
1.060847169E2,4.736444939E1,8.509776853E0,4.392861953E2,1.161515642E0,2.852885132E2,9.865171190E0,8.808262290E0
1.070847187E2,4.736445208E1,8.509762365E0,4.398206786E2,1.123180753E0,2.852885132E2,1.008421041E1,9.353931967E0
1.080847344E2,4.736445252E1,8.509760009E0,4.402424693E2,7.634950641E-1,2.852885132E2,1.029229757E1,9.499101986E0
1.090847482E2,4.736445638E1,8.509739239E0,4.400082956E2,1.145012513E0,2.852885132E2,1.048998046E1,9.795924210E0
1.100847623E2,4.736446082E1,8.509715334E0,4.400523792E2,1.679114501E0,2.852885132E2,1.067777924E1,9.619179148E0
1.110847748E2,4.736446536E1,8.509690866E0,4.401008138E2,1.963199367E0,2.852885132E2,1.085618801E1,9.706595331E0
1.120847883E2,4.736446882E1,8.509672253E0,4.403664474E2,1.978612989E0,2.852885132E2,1.102567635E1,9.141071961E0
1.130848003E2,4.736447384E1,8.509645185E0,4.402498049E2,2.184441210E0,2.852885132E2,1.118669029E1,8.816717272E0
1.140848115E2,4.736448174E1,8.509602675E0,4.401285850E2,2.965068427E0,2.852885132E2,1.133965351E1,8.798281170E0
1.150848238E2,4.736447937E1,8.509615451E0,4.408921929E2,1.439388818E0,2.852885132E2,1.148496846E1,9.429945298E0
1.160848350E2,4.736448118E1,8.509605694E0,4.413371833E2,1.097266831E0,2.852885132E2,1.162301775E1,9.621669717E0
1.170848459E2,4.736448493E1,8.509585484E0,4.412178686E2,1.225600451E0,2.852885132E2,1.175416462E1,9.827640519E0
1.180848562E2,4.736448953E1,8.509560721E0,4.412452975E2,1.605528469E0,2.852885132E2,1.187875414E1,9.841743489E0
1.190848658E2,4.736449065E1,8.509554679E0,4.415035907E2,1.117816957E0,2.852885132E2,1.199711419E1,1.028147318E1
1.200848764E2,4.736449414E1,8.509535906E0,4.411164974E2,1.260012457E0,2.852885132E2,1.210955624E1,1.051141967E1
1.210848859E2,4.736449805E1,8.509514873E0,4.405123782E2,1.488923973E0,2.852885132E2,1.221637621E1,1.083625223E1
1.220848944E2,4.736450035E1,8.509500727E0,4.405129200E2,1.412005996E0,2.842298584E2,1.231785514E1,1.097975274E1
1.230849046E2,4.736450459E1,8.509476076E0,4.404554832E2,1.702140681E0,2.842298584E2,1.241426017E1,1.087036319E1
1.240849128E2,4.736450606E1,8.509467563E0,4.405606744E2,1.438196302E0,2.842298584E2,1.250584483E1,9.987563743E0
1.250849217E2,4.736450917E1,8.509449498E0,4.409321670E2,1.641545786E0,2.842298584E2,1.259285045E1,1.082894692E1
1.260849297E2,4.736451234E1,8.509431115E0,4.410669189E2,1.575254655E0,2.842298584E2,1.267550563E1,1.078535397E1
1.270849380E2,4.736451473E1,8.509417249E0,4.409331664E2,1.404072946E0,2.842298584E2,1.275402800E1,1.036018507E1
1.280849459E2,4.736451839E1,8.509395970E0,4.403384819E2,1.543049612E0,2.842298584E2,1.282862435E1,1.104938541E1
1.290849545E2,4.736452139E1,8.509378214E0,4.408773217E2,1.484917458E0,2.830776062E2,1.289949085E1,1.084845291E1
1.300849620E2,4.736452724E1,8.509341116E0,4.403709712E2,2.255682306E0,2.830776062E2,1.296681410E1,1.107369879E1
1.310849691E2,4.736452815E1,8.509335343E0,4.400075490E2,1.426042638E0,2.830776062E2,1.303077108E1,1.173315867E1
1.320849776E2,4.736453074E1,8.509318959E0,4.396701432E2,1.401510323E0,2.830776062E2,1.309153027E1,1.171090286E1
1.330849851E2,4.736453406E1,8.509297897E0,4.394499093E2,1.499818352E0,2.830776062E2,1.314925151E1,1.169818190E1
1.340849921E2,4.736453588E1,8.509286364E0,4.405451938E2,1.708747618E0,2.830776062E2,1.320408662E1,1.191906534E1
1.350849998E2,4.736453935E1,8.509264372E0,4.407658542E2,1.890729596E0,2.830776062E2,1.325618004E1,1.121071324E1
1.360850065E2,4.736454146E1,8.509251041E0,4.406761747E2,1.566054530E0,2.830776062E2,1.330566876E1,1.014519632E1
1.370850126E2,4.736454454E1,8.509231496E0,4.410769000E2,1.511723048E0,2.830776062E2,1.335268312E1,1.043924234E1
1.380850197E2,4.736454778E1,8.509210995E0,4.412392637E2,1.561537276E0,2.830776062E2,1.339734669E1,1.044754481E1
1.390850264E2,4.736455012E1,8.509196160E0,4.413202726E2,1.378234720E0,2.830776062E2,1.343977710E1,1.080527577E1
1.400850340E2,4.736455140E1,8.509188042E0,4.411374514E2,1.109599816E0,2.830776062E2,1.348008596E1,1.150958348E1
1.410850398E2,4.736455675E1,8.509153659E0,4.408862638E2,1.910425195E0,2.824656982E2,1.351837955E1,1.165890012E1
1.420850471E2,4.736455981E1,8.509133304E0,4.401874165E2,1.553599455E0,2.824656982E2,1.355475823E1,1.184971387E1
1.430850535E2,4.736456216E1,8.509117621E0,4.397396422E2,1.358674633E0,2.824656982E2,1.358931805E1,1.222399322E1
1.440850602E2,4.736456371E1,8.509107289E0,4.409718632E2,1.019060005E0,2.824656982E2,1.362214989E1,1.246401961E1
1.450850657E2,4.736456619E1,8.509090803E0,4.413901183E2,1.088942169E0,2.824656982E2,1.365334013E1,1.271746507E1
1.460850727E2,4.736456958E1,8.509068202E0,4.415855136E2,1.369117469E0,2.824656982E2,1.368297094E1,1.286255665E1
1.470850795E2,4.736457050E1,8.509062085E0,4.409942176E2,7.806002550E-1,2.824656982E2,1.371111998E1,1.227960863E1
1.480850845E2,4.736457187E1,8.509053005E0,4.419119610E2,8.677965790E-1,2.824656982E2,1.373786179E1,1.320539520E1
1.490850913E2,4.736457577E1,8.509026980E0,4.416805659E2,1.527501979E0,2.824656982E2,1.376326659E1,1.347219700E1
1.500850971E2,4.736457922E1,8.509004022E0,4.415266583E2,1.817560203E0,2.824656982E2,1.378740106E1,1.335747375E1
1.510851034E2,4.736458243E1,8.508982655E0,4.416929668E2,1.868981740E0,2.824656982E2,1.381032883E1,1.355608418E1
1.520851099E2,4.736458361E1,8.508974833E0,4.417625348E2,1.424865580E0,2.824656982E2,1.383211007E1,1.382957492E1
1.530851154E2,4.736458469E1,8.508967596E0,4.412986616E2,1.119827558E0,2.824656982E2,1.385280226E1,1.410348210E1
1.540851230E2,4.736458949E1,8.508935646E0,4.417550150E2,1.856172039E0,2.824656982E2,1.387246011E1,1.425888689E1
1.550851280E2,4.736459224E1,8.508917345E0,4.411073182E2,1.480436997E0,2.824656982E2,1.389113480E1,1.472865478E1
1.560851335E2,4.736459547E1,8.508895863E0,4.409423090E2,1.447080413E0,2.824656982E2,1.390887579E1,1.469160816E1
1.570851396E2,4.736459541E1,8.508896254E0,4.410835187E2,7.707083707E-1,2.824656982E2,1.392572955E1,1.481248548E1
1.580851453E2,4.736459855E1,8.508875257E0,4.410961259E2,1.078480213E0,2.822376099E2,1.394174097E1,1.477528647E1
1.590851520E2,4.736460125E1,8.508856930E0,4.408953945E2,1.296739283E0,2.822376099E2,1.395695173E1,1.428506145E1
1.600851576E2,4.736460507E1,8.508830994E0,4.405290799E2,1.638793707E0,2.822376099E2,1.397140196E1,1.408193667E1
1.610851631E2,4.736460784E1,8.508812229E0,4.408657633E2,1.707079075E0,2.822376099E2,1.398512959E1,1.385836399E1
1.620851686E2,4.736460271E1,8.508784576E0,4.414045543E2,1.870778617E0,2.822376099E2,1.399817096E1,1.408114326E1
1.630851755E2,4.736461015E1,8.508778621E0,4.416866387E2,1.450212271E0,2.822376099E2,1.361773945E1,1.457539297E1
1.640851812E2,4.736461472E1,8.508765506E0,4.413440218E2,1.304195087E0,2.822376099E2,1.314820816E1,1.388271363E1
1.650851863E2,4.736461398E1,8.508770516E0,4.428420571E2,6.543142650E-1,2.822376099E2,1.270841654E1,1.291595649E1
1.660851925E2,4.736461501E1,8.508763530E0,4.434744401E2,7.582107163E-1,2.822376099E2,1.225007087E1,1.332565749E1
1.670851984E2,4.736461726E1,8.508748268E0,4.439046117E2,8.380556492E-1,2.822376099E2,1.183308616E1,1.300755393E1
1.680852042E2,4.736461942E1,8.508733636E0,4.432154089E2,7.152297395E-1,2.822376099E2,1.153556257E1,1.071641390E1
1.690852107E2,4.736461992E1,8.508730256E0,4.435916328E2,4.857030650E-1,2.822376099E2,1.115203287E1,9.345186680E0
1.700852157E2,4.736462230E1,8.508714057E0,4.438705629E2,8.269210165E-1,2.822376099E2,1.081468837E1,8.219265508E0
1.710852222E2,4.736462425E1,8.508700863E0,4.439313905E2,9.545112018E-1,2.822376099E2,1.054641098E1,7.691332757E0
1.720852265E2,4.736462773E1,8.508677260E0,4.439539741E2,1.163710620E0,2.822376099E2,1.032650588E1,7.369916136E0
1.730852325E2,4.736463089E1,8.508655775E0,4.444159061E2,1.426331502E0,2.822376099E2,9.995104489E0,7.132327540E0
1.740852386E2,4.736463410E1,8.508632787E0,4.433672639E2,1.481920620E0,2.810010376E2,9.789445065E0,7.118977415E0
1.750852442E2,4.736463651E1,8.508614494E0,4.437757950E2,1.432234292E0,2.810010376E2,9.540175163E0,6.826192083E0
1.760852500E2,4.736463918E1,8.508594321E0,4.438772272E2,1.408450797E0,2.810010376E2,9.332821837E0,6.545147069E0
1.770852546E2,4.736464182E1,8.508574270E0,4.434214065E2,1.392274211E0,2.810010376E2,9.273480442E0,6.478281538E0
1.780852606E2,4.736464430E1,8.508555531E0,4.436489114E2,1.207107667E0,2.810010376E2,9.125635217E0,6.230934622E0
1.790852668E2,4.736464599E1,8.508542762E0,4.440861178E2,1.131880847E0,2.810010376E2,8.951938893E0,6.013086213E0
1.800852730E2,4.736464756E1,8.508530853E0,4.435375196E2,7.495636227E-1,2.810010376E2,9.043612929E0,5.850434618E0
1.810852779E2,4.736464973E1,8.508511523E0,4.432907012E2,8.412028855E-1,2.791180420E2,8.844052179E0,5.673010704E0
1.820852837E2,4.736465237E1,8.508487302E0,4.435442485E2,1.183589431E0,2.791180420E2,8.696890552E0,5.678117083E0
1.830852891E2,4.736465464E1,8.508466489E0,4.441318760E2,1.365632592E0,2.791180420E2,8.530440762E0,5.558392006E0
1.840852952E2,4.736465652E1,8.508449264E0,4.438620490E2,1.196980090E0,2.791180420E2,8.292382587E0,5.177689465E0
1.850852998E2,4.736465992E1,8.508438248E0,4.437165677E2,1.353887995E0,3.010582780E2,8.215363770E0,5.086260009E0
1.860853057E2,4.736466606E1,8.508430257E0,4.446044977E2,1.367118640E0,3.210419022E2,8.037806097E0,5.155744481E0
1.870853119E2,4.736467475E1,8.508413486E0,4.442669497E2,1.472206548E0,3.305332709E2,7.841965003E0,5.327443942E0
1.880853170E2,4.736468336E1,8.508407189E0,4.429762883E2,1.354599566E0,3.331997978E2,7.618232963E0,5.298591340E0
1.890853225E2,4.736469158E1,8.508405187E0,4.425843343E2,1.181816209E0,3.239120632E2,7.448018985E0,5.646620143E0
1.900853281E2,4.736469807E1,8.508388760E0,4.418898401E2,1.069032993E0,3.094337935E2,7.278365405E0,5.364252475E0
1.910853342E2,4.736470698E1,8.508374870E0,4.420433320E2,1.131733949E0,3.116354965E2,7.166913416E0,5.350457582E0
1.920853396E2,4.736472176E1,8.508360160E0,4.420979683E2,1.189507273E0,3.149939887E2,7.021401943E0,5.290393229E0
1.930853567E2,4.736473623E1,8.508344017E0,4.421191485E2,1.306702121E0,3.130892264E2,6.902352617E0,5.317347121E0
1.940853511E2,4.736474870E1,8.508337233E0,4.421925271E2,9.838910971E-1,3.175713912E2,6.827334339E0,5.043124620E0
1.950853572E2,4.736475895E1,8.508324655E0,4.426943269E2,1.237961979E0,3.208921630E2,6.651519597E0,4.935425176E0
1.960853619E2,4.736476120E1,8.508307240E0,4.425659898E2,1.169040953E0,3.090345941E2,6.510592065E0,4.857547819E0
1.970853675E2,4.736476875E1,8.508284210E0,4.426270542E2,1.544200209E0,3.059062965E2,6.369443881E0,4.760492206E0
1.980853729E2,4.736475759E1,8.508255787E0,4.428352519E2,1.404974405E0,2.960323181E2,6.290534385E0,4.964478733E0
1.990853786E2,4.736475214E1,8.508233334E0,4.410524499E2,1.218374770E0,2.960323181E2,6.128638574E0,4.570931513E0
2.000853836E2,4.736474993E1,8.508211402E0,4.411671090E2,1.236595818E0,2.960323181E2,6.057675503E0,4.350817261E0
2.010853898E2,4.736474615E1,8.508189255E0,4.417832082E2,1.307806855E0,2.960323181E2,6.106411660E0,4.345365959E0
2.020853952E2,4.736474319E1,8.508165851E0,4.417830458E2,1.415414530E0,2.960323181E2,6.316040573E0,4.695045308E0
2.030854012E2,4.736474039E1,8.508146189E0,4.422225863E2,1.418025010E0,2.960323181E2,6.136745675E0,4.255323205E0
2.040854076E2,4.736474782E1,8.508144719E0,4.423765682E2,9.302677654E-1,2.734538526E2,6.097673644E0,4.135348234E0
2.050854126E2,4.736474756E1,8.508119357E0,4.423776354E2,1.144343384E0,2.960323181E2,6.099612812E0,4.010018602E0
2.060854181E2,4.736474247E1,8.508118897E0,4.427746653E2,8.368305789E-1,2.850931396E2,6.065753004E0,4.113449854E0
2.070854231E2,4.736473941E1,8.508089090E0,4.425069492E2,9.186810094E-1,2.960323181E2,6.079825612E0,4.184786510E0
2.080854290E2,4.736473562E1,8.508083684E0,4.428344622E2,1.132194008E0,2.850931396E2,6.103270400E0,4.194298975E0
2.090854347E2,4.736473596E1,8.508060596E0,4.427564116E2,8.957247641E-1,2.960323181E2,6.035761795E0,4.371109810E0
2.100854405E2,4.736473588E1,8.508051921E0,4.426923337E2,1.338590257E0,2.850931396E2,5.978450016E0,4.143637937E0
2.110854454E2,4.736473839E1,8.508038228E0,4.424178638E2,1.207062792E0,2.850931396E2,5.951537319E0,3.989350324E0
2.120854510E2,4.736474100E1,8.508023962E0,4.427934103E2,1.098258449E0,2.850931396E2,5.936642438E0,3.987430137E0
2.130854563E2,4.736474210E1,8.508017951E0,4.436666264E2,8.227311647E-1,2.850931396E2,5.911036430E0,3.913587938E0
2.140854615E2,4.736474456E1,8.508004563E0,4.433741824E2,6.526656695E-1,2.850931396E2,5.994425948E0,3.849763513E0
2.150854677E2,4.736474878E1,8.507981530E0,4.433774380E2,1.060795670E0,2.850931396E2,5.961972501E0,3.833809059E0
2.160854736E2,4.736481004E1,8.508000069E0,4.437773481E2,9.171603245E-1,2.806350835E2,5.996250404E0,3.848027148E0
2.170854796E2,4.736481426E1,8.507989675E0,4.439221318E2,8.866062851E-1,2.825925889E2,5.933520259E0,3.797329067E0
2.180854847E2,4.736481712E1,8.507975788E0,4.441801419E2,9.185363237E-1,2.797397956E2,5.923830002E0,3.607075969E0
2.190854896E2,4.736482129E1,8.507971187E0,4.440515644E2,5.633958063E-1,2.867652539E2,5.975742658E0,3.556308486E0
2.200844898E2,4.736482276E1,8.507954543E0,4.440810325E2,6.783335456E-1,2.828886208E2,5.891071915E0,3.575896289E0
2.210844854E2,4.736482847E1,8.507927060E0,4.441134654E2,1.052673021E0,2.858349616E2,6.043863572E0,3.658872273E0
2.220844937E2,4.736483443E1,8.507915320E0,4.440072315E2,1.141099478E0,2.876193103E2,5.974914086E0,3.870862872E0
2.230844869E2,4.736483827E1,8.507902062E0,4.441717142E2,1.101813583E0,2.852833812E2,6.001669830E0,3.930203385E0
2.240844848E2,4.736484061E1,8.507870731E0,4.441881484E2,1.482414667E0,2.826550147E2,6.078042152E0,3.959274844E0
2.250844992E2,4.736484718E1,8.507853516E0,4.440444693E2,1.418727424E0,2.848809793E2,6.152936114E0,4.114181719E0
2.260845033E2,4.736486111E1,8.507845549E0,4.431768288E2,1.000910920E0,3.114634793E2,6.218091466E0,3.932611410E0
2.270845047E2,4.736486663E1,8.507831960E0,4.441438915E2,1.193123598E0,3.097877522E2,6.194301007E0,3.959211795E0
2.280845209E2,4.736486456E1,8.507824756E0,4.433599896E2,7.635786521E-1,3.076141664E2,6.297732690E0,3.833466699E0
2.290845202E2,4.736486614E1,8.507804481E0,4.441994549E2,9.378587671E-1,2.970472266E2,6.338306272E0,3.642613388E0
2.300845237E2,4.736487068E1,8.507787278E0,4.436842048E2,1.136891256E0,2.988332911E2,6.457037700E0,3.695887658E0
2.310845430E2,4.736487578E1,8.507773636E0,4.429893395E2,1.228765513E0,3.014955374E2,6.585432950E0,3.723524591E0
2.320845474E2,4.736486905E1,8.507751089E0,4.426871162E2,1.157563599E0,2.872479846E2,6.603383933E0,3.979687394E0
2.330845487E2,4.736486762E1,8.507733941E0,4.427753066E2,8.450078672E-1,2.810292913E2,6.460673547E0,3.962828464E0
2.340845700E2,4.736486771E1,8.507716686E0,4.434407164E2,8.804305304E-1,2.828648198E2,6.449768077E0,3.828168341E0
2.350845924E2,4.736486385E1,8.507699126E0,4.433346906E2,1.022485133E0,2.811484074E2,6.492202653E0,3.792600272E0
2.360846120E2,4.736486307E1,8.507679714E0,4.434335139E2,1.167790995E0,2.773469588E2,6.404398823E0,3.775932042E0
2.370846324E2,4.736486936E1,8.507670701E0,4.432241296E2,8.545506926E-1,2.842539754E2,6.562027571E0,3.974320244E0
2.380846516E2,4.736486811E1,8.507656088E0,4.432994885E2,8.087393581E-1,2.869308469E2,6.623258683E0,4.390072810E0
2.390846698E2,4.736487596E1,8.507635844E0,4.441997633E2,1.081231682E0,2.957326418E2,6.714561609E0,4.399304701E0
2.400846873E2,4.736487925E1,8.507618830E0,4.432601396E2,9.412787305E-1,2.935369736E2,7.002199046E0,4.487977207E0
2.410847043E2,4.736487574E1,8.507597188E0,4.434969973E2,1.189103846E0,2.828601755E2,6.986086355E0,4.352691801E0
2.420847192E2,4.736487994E1,8.507592057E0,4.438164876E2,1.059390008E0,2.910698921E2,6.852689609E0,4.167143905E0
2.430847354E2,4.736488153E1,8.507566440E0,4.435536971E2,1.352857296E0,2.854400754E2,6.764793767E0,3.969111745E0
2.440847504E2,4.736488301E1,8.507556559E0,4.438377150E2,9.428909328E-1,2.830517868E2,6.803419263E0,3.753291232E0
2.450847643E2,4.736488215E1,8.507537836E0,4.436032879E2,9.395453590E-1,2.793152482E2,6.758271517E0,4.069116478E0
2.460847782E2,4.736488353E1,8.507528850E0,4.438083847E2,9.308787996E-1,2.826159197E2,6.765770311E0,4.066373830E0
2.470847920E2,4.736489034E1,8.507517110E0,4.444450079E2,1.092847913E0,2.893531972E2,6.531413529E0,4.059342680E0
2.480848050E2,4.736488812E1,8.507494699E0,4.442736054E2,1.143108013E0,2.814893909E2,6.384626166E0,4.051709651E0
2.490848191E2,4.736489202E1,8.507477765E0,4.442900026E2,1.295975717E0,2.814963874E2,6.214390387E0,3.833120599E0
2.500848310E2,4.736489832E1,8.507463850E0,4.440858694E2,1.108081355E0,2.845453857E2,6.174007907E0,3.742819763E0
2.510848433E2,4.736490119E1,8.507457786E0,4.439082715E2,8.514905771E-1,2.787285003E2,6.214699699E0,3.750925872E0
2.520848542E2,4.736490053E1,8.507436994E0,4.442050791E2,9.323475045E-1,2.728687943E2,6.179580025E0,3.789962865E0
2.530848667E2,4.736490546E1,8.507422755E0,4.442882317E2,9.866259015E-1,2.749944086E2,6.053330744E0,3.610728843E0
2.540848768E2,4.736491007E1,8.507408375E0,4.447579176E2,1.035581662E0,2.746201810E2,5.920639979E0,3.703614099E0
2.550848887E2,4.736491727E1,8.507386385E0,4.444659907E2,1.388957435E0,2.778184042E2,5.939715711E0,3.801645318E0
2.560848980E2,4.736491789E1,8.507380933E0,4.445336224E2,9.055349721E-1,2.713430876E2,5.964725372E0,4.002973421E0
2.570849087E2,4.736492237E1,8.507361939E0,4.444280234E2,1.035655083E0,2.772302748E2,5.929190983E0,4.142889282E0
2.580849197E2,4.736492234E1,8.507346647E0,4.444517265E2,1.119085798E0,2.753206258E2,6.022360540E0,4.270554944E0
2.590849285E2,4.736492504E1,8.507334305E0,4.437858450E2,7.975618894E-1,2.754238395E2,6.029264165E0,4.201838176E0
2.600849393E2,4.736492866E1,8.507320175E0,4.441493207E2,9.898124208E-1,2.798435201E2,5.943524607E0,4.060144539E0
2.610849483E2,4.736492889E1,8.507312715E0,4.447611474E2,9.463896181E-1,2.773138325E2,5.864328634E0,4.002766049E0
2.620849573E2,4.736493366E1,8.507298708E0,4.449328422E2,1.133262352E0,2.790057577E2,5.840147367E0,3.977478841E0
2.630849670E2,4.736492965E1,8.507288125E0,4.460596788E2,9.957586267E-1,2.728227141E2,5.866646627E0,3.983968435E0
2.640849756E2,4.736493102E1,8.507269423E0,4.457297186E2,1.162984862E0,2.783173470E2,5.809878819E0,3.925697354E0
2.650849844E2,4.736493617E1,8.507257534E0,4.455851683E2,1.046795292E0,2.889718594E2,5.755444126E0,3.901023561E0
2.660849938E2,4.736493828E1,8.507243180E0,4.453868927E2,9.744199863E-1,2.904019702E2,5.767014146E0,3.894577051E0
2.670850024E2,4.736494308E1,8.507226965E0,4.454154973E2,1.226266553E0,2.872734878E2,5.741213249E0,3.833816381E0
2.680850111E2,4.736494400E1,8.507213072E0,4.453705273E2,1.271884272E0,2.837726745E2,5.593827890E0,3.744492590E0
2.690850192E2,4.736495097E1,8.507200006E0,4.448553454E2,1.239249130E0,2.915168913E2,5.474130483E0,3.694614926E0
2.700850285E2,4.736495373E1,8.507188460E0,4.443217113E2,1.094416605E0,2.936613144E2,5.317934648E0,3.859911966E0
2.710850365E2,4.736495072E1,8.507184519E0,4.453812722E2,7.670068387E-1,2.792993034E2,5.286572205E0,3.726865684E0
2.720850441E2,4.736495332E1,8.507167310E0,4.453415074E2,8.460277141E-1,2.819917621E2,5.191800826E0,3.733334466E0
2.730850525E2,4.736495879E1,8.507151355E0,4.456673332E2,1.082083586E0,2.818601232E2,5.161732158E0,3.633146533E0
2.740850603E2,4.736496181E1,8.507135908E0,4.461270869E2,1.225183974E0,2.819172411E2,5.092683051E0,3.489046774E0
2.750850686E2,4.736496427E1,8.507116320E0,4.449186539E2,1.062750770E0,2.866743491E2,5.390359104E0,3.369410841E0
2.760850761E2,4.736495642E1,8.507104606E0,4.452057734E2,1.226764651E0,2.711234004E2,5.448081681E0,3.383384508E0
2.770850847E2,4.736495610E1,8.507089308E0,4.451487293E2,1.163866563E0,2.716999334E2,5.506777073E0,3.408256895E0
2.780850920E2,4.736496661E1,8.507073548E0,4.443199504E2,1.138573897E0,2.877642655E2,5.462944542E0,3.387752546E0
2.790850992E2,4.736496972E1,8.507061461E0,4.447011689E2,9.655641193E-1,2.858732998E2,5.411186287E0,3.241932450E0
2.800851066E2,4.736496579E1,8.507049138E0,4.444647913E2,8.602432299E-1,2.729052093E2,5.446177737E0,3.373807074E0
2.810851143E2,4.736496963E1,8.507028012E0,4.443363432E2,1.145362305E0,2.771614880E2,5.479495573E0,3.281665968E0
2.820851223E2,4.736497349E1,8.507008173E0,4.445778143E2,1.184514825E0,2.785118932E2,5.594838157E0,3.293049741E0
2.830851305E2,4.736497450E1,8.507000336E0,4.452310226E2,9.746352870E-1,2.824558197E2,5.550385292E0,3.215396181E0
2.840851366E2,4.736498161E1,8.506976888E0,4.450883342E2,1.081618737E0,2.861074340E2,5.779010580E0,3.302159790E0
2.850851444E2,4.736497738E1,8.506969771E0,4.448807391E2,7.842699822E-1,2.737099495E2,5.906978542E0,3.173482118E0
2.860851516E2,4.736498548E1,8.506933293E0,4.455926044E2,1.490947153E0,2.812622552E2,5.870749866E0,3.234161200E0
2.870851598E2,4.736499365E1,8.506918697E0,4.451512296E2,1.325091537E0,2.870717334E2,5.759318460E0,3.275235373E0
2.880851670E2,4.736499615E1,8.506910152E0,4.451499699E2,1.063294066E0,2.903638721E2,5.678693831E0,3.097967234E0
2.890851737E2,4.736500416E1,8.506900906E0,4.456341225E2,1.024418757E0,2.972829183E2,5.723024686E0,3.060715748E0
2.900851810E2,4.736500690E1,8.506886008E0,4.458097105E2,1.161381433E0,2.887970430E2,5.612761803E0,3.000000000E0
2.910851891E2,4.736500313E1,8.506879804E0,4.457372001E2,8.716872234E-1,2.826519859E2,5.690869662E0,3.000000000E0
2.920851960E2,4.736500320E1,8.506852171E0,4.455838241E2,1.202586462E0,2.866280374E2,5.913667124E0,3.155975031E0
2.930852028E2,4.736500603E1,8.506833649E0,4.458004826E2,1.295782229E0,2.869062737E2,6.015392515E0,3.122355891E0
2.940852107E2,4.736500075E1,8.506812142E0,4.460027126E2,1.348323655E0,2.816444491E2,6.017270073E0,3.030218038E0
2.950852175E2,4.736500267E1,8.506801337E0,4.460400319E2,1.124250654E0,2.821100954E2,6.055543839E0,3.008883385E0
2.960852250E2,4.736500672E1,8.506781071E0,4.462406790E2,1.319475821E0,2.886529410E2,6.035771392E0,3.000000000E0
2.970852310E2,4.736500035E1,8.506760331E0,4.461384606E2,1.400569181E0,2.743788481E2,5.935464504E0,3.000000000E0
2.980852383E2,4.736500447E1,8.506719767E0,4.459350360E2,2.112463034E0,2.780442043E2,5.879087393E0,3.000000000E0
2.990852451E2,4.736499933E1,8.506711162E0,4.459192910E2,1.460421362E0,2.743961064E2,6.038339650E0,3.000000000E0
3.000852524E2,4.736498736E1,8.506693644E0,4.460665592E2,1.353688026E0,2.594267110E2,5.956419935E0,3.000000000E0
3.010852599E2,4.736499810E1,8.506686128E0,4.464049712E2,8.689866584E-1,2.747687502E2,5.970267542E0,3.000000000E0